source_file,id_LC,h2_consumption,elec_consumption,elec_consumption - ethanol prod.,elec_production,elec_production - ethanol prod.,biomass_consumption - ethanol prod.,natgas_consumption - ethanol prod.,investment_cost,investment_cost - ethanol prod.,fixed_om_cost,fixed_om_cost - ethanol prod.,variable_om_cost,variable_om_cost - ethanol prod.,modified capture cost,modified emissions cost,biomass_consumption,LCOE ($/MWh-fuel)
balance_duals.csv,jetfuel_demand_global,,,,,,,,,,,,,,,,,97.89387
balance_duals.csv,gasoline_demand_global,,,,,,,,,,,,,,,,,100.736661
LCOE_BIOLF_1.csv,NCEN_Gasoline_Gasification_CCS_31_Agri,,1.664725042100333,,0.0,,,,28.688537921426043,,23.372308126451365,,12.274771024146544,,-13.87514548023059,0.0003010458353524,48.61310522481265,100.73860290454172
LCOE_BIOLF_1.csv,SE_Gasoline_Gasification_Non_CCS_Herb,,0.0,,0.0,,,,22.34060962863324,,17.788439420822804,,10.903586445708632,,0.0,-0.0006044050447107,49.70701657185258,100.73904766197252
LCOE_BIOLF_1.csv,MIDAT_Gasoline_Gasification_Non_CCS_Wood,,0.0,,0.0,,,,21.3883695781587,,17.030229831491027,,10.438834951456313,,0.0,-0.0001923959490134,51.88449538242956,100.74173734758658
LCOE_BIOLF_1.csv,MIDAT_Gasoline_Gasification_Non_CCS_Herb,,0.0,,0.0,,,,22.21751481491715,,17.690426668565603,,10.843508633836768,,0.0,0.0006319848332572,49.99329807645003,100.74538017860282
LCOE_BIOLF_1.csv,NW_Gasoline_Gasification_CCS_99_Wood,,14.461346796588842,,0.0,,,,34.90228046645605,,25.689010527763244,,13.392609161657113,,-62.04338629287651,-0.0006044050447107,74.34448902558367,100.74574528012768
LCOE_BIOLF_1.csv,SE_Gasoline_Gasification_Non_CCS_Agri,,0.0,,0.0,,,,23.59783799993839,,18.78949226104781,,11.517190929041696,,0.0,-4.881876136771417e-05,46.84146828299718,100.7459406542637
LCOE_BIOLF_1.csv,NE_Gasoline_Gasification_Non_CCS_Wood,,0.0,,0.0,,,,21.523945460052467,,17.138180482886906,,10.505004289390907,,0.0,0.0001787674361567,51.57939090649128,100.74669990625772
LCOE_BIOLF_1.csv,MIDAT_Gasoline_Gasification_Non_CCS_Agri,,0.0,,0.0,,,,23.52898945726898,,18.734672444093626,,11.4835886214442,,0.0,0.0006042465555277,47.0017406481192,100.74959541748154
LCOE_BIOLF_1.csv,NE_Gasoline_Gasification_Non_CCS_Herb,,0.0,,0.0,,,,22.13367102738781,,17.623667069786954,,10.80258772789649,,0.0,-0.0003675350394697,50.1994550088218,100.75901329885356
LCOE_BIOLF_1.csv,NW_Gasoline_Gasification_CCS_99_Herb,,15.325499575682748,,0.0,,,,36.987902441092416,,27.224083999964016,,14.19289841473653,,-62.57811620888765,0.0003025910157508,69.61164255024939,100.7642133638532
LCOE_BIOLF_1.csv,NE_Gasoline_Gasification_Non_CCS_Agri,,0.0,,0.0,,,,23.25996207472296,,18.52046265409626,,11.352286773794807,,0.0,0.0003912883187795,47.63634167696745,100.76944446790024
LCOE_BIOLF_1.csv,CEN_Gasoline_Gasification_CCS_99_Herb,,14.52948563010519,,0.0,,,,36.987902441092416,,27.224083999964016,,14.19289841473653,,-47.762084898142696,0.0003025910157995,55.67463726603783,100.84722544480913
LCOE_BIOLF_1.csv,SW_Gasoline_Gasification_CCS_99_Herb,,16.148793099279146,,0.0,,,,37.23430457517676,,27.40544255109478,,14.287447178722347,,-56.79112778901157,-0.0006524596864198,62.58872085508328,100.87292801065834
LCOE_BIOLF_1.csv,SE_Gasoline_Gasification_CCS_31_Herb,,1.9688826175117489,,0.0,,,,27.27078628237065,,22.21727791035812,,11.668167202572349,,-11.887027609628118,-0.0006044050446985,49.70701657185258,100.94449856999262
LCOE_BIOLF_1.csv,SE_Gasoline_Gasification_CCS_31_Agri,,2.0796824178597557,,0.0,,,,28.80546267625263,,23.46756573089609,,12.324798829553767,,-12.538385803341576,-4.8818761380585226e-05,46.84146828299718,100.98054331545649
LCOE_BIOLF_1.csv,SW_Gasoline_Gasification_CCS_99_Wood,,15.279067412605835,,0.0,,,,35.22897631842335,,25.92946739958944,,13.51796801505174,,-56.38064691934752,0.0005777255785229,67.44399811853246,101.01940807043384
LCOE_BIOLF_1.csv,NCEN_Gasoline_Gasification_CCS_31_Herb,,1.5703380496293748,,0.0,,,,27.06194809769392,,22.04713921544791,,11.5788130185067,,-13.107615273278224,5.990537903334135e-05,52.25927544057729,101.40995845395602
LCOE_BIOLF_1.csv,MIDAT_Gasoline_Gasification_CCS_31_Wood,,1.9411626342410608,,0.0,,,,26.10840372711924,,21.27029471739945,,11.17082642671087,,-10.70180361326511,-0.0001923959490018,51.88449538242956,101.67318687868608
LCOE_BIOLF_1.csv,MIDAT_Gasoline_Gasification_CCS_31_Herb,,2.01641408087765,,0.0,,,,27.120526624594024,,22.094862643670453,,11.603876617307028,,-10.679533506986658,0.0006319848332694,49.99329807645003,102.1500765207458
LCOE_BIOLF_1.csv,MIDAT_Gasoline_Gasification_CCS_31_Agri,,2.1354407117849328,,0.0,,,,28.721420480260644,,23.399097267786257,,12.288840262582056,,-11.306655244305082,0.0006042465555277,47.0017406481192,102.24048837278356
LCOE_BIOLF_1.csv,NCEN_Gasoline_Gasification_Non_CCS_Agri,,0.0,,0.0,,,,23.50205160505937,,18.713223506033152,,11.470441298917567,,0.0,0.0003010458353268,48.61310522481265,102.29912268065806
LCOE_BIOLF_1.csv,CEN_Gasoline_Gasification_CCS_99_Wood,,13.889507814370694,,0.0,,,,35.358702508246644,,26.024949339782435,,13.567746199603436,,-47.74758439986198,0.00026264071249,61.27160041544709,102.36518451830082
LCOE_BIOLF_1.csv,SE_Gasoline_Gasification_CCS_31_Wood,,1.8721054615710253,,0.0,,,,25.930336062940867,,21.125224504134028,,11.094637817497649,,-12.027997608170958,0.0005777255784997,54.40172859830668,102.39661256185778
LCOE_BIOLF_1.csv,NCEN_Gasoline_Gasification_CCS_31_Wood,,1.5109988384582682,,0.0,,,,26.039343663413288,,21.214032070185127,,11.141278163525577,,-13.043428727933396,0.0004000643039617,55.688817722356056,102.55144179430889
LCOE_ETHANOL_UPGRADE_1.csv,NW_Ethanol_to_Gasoline,0.0,0.0,0.778319528489814,0.0,0.0,54.52565372188384,4.7171146166670574,29.766195291688515,1.9528771961215383,16.308550253477915,8.709012611739208,5.6915712187792975,-8.615053288057648,-18.02109000839412,6.922321266380224,,102.73547240877564
LCOE_ETHANOL_UPGRADE_1.csv,CA_Ethanol_to_Gasoline,0.0,0.0,1.0634871744199232,0.0,0.0,54.52565372188384,4.71643289376587,29.766195291688515,1.9528771961215383,16.308550253477915,8.709012611739208,5.6915712187792975,-8.615053288057648,-18.173735688715905,6.922321266380224,,102.86731265148278
LCOE_BIOLF_1.csv,NCEN_Gasoline_Gasification_Non_CCS_Herb,,0.0,,0.0,,,,22.16952646619316,,17.65221652800221,,10.820087379117371,,0.0,5.990537904543336e-05,52.25927544057729,102.90116571926907
LCOE_BIOLF_1.csv,SE_Gasoline_Gasification_Non_CCS_Wood,,0.0,,0.0,,,,21.24249405657671,,16.914078216930058,,10.36763875823142,,0.0,0.0005777255785229,54.40172859830668,102.9265173556234
LCOE_BIOLF_1.csv,CEN_Gasoline_Gasification_CCS_31_Herb,,1.3043458555484222,,0.0,,,,27.22499603427936,,22.179972984240678,,11.648575238283373,,-14.923547421099258,0.0003025910157873,55.67463726603783,103.10928254830615
LCOE_BIOLF_1.csv,CEN_Gasoline_Gasification_CCS_31_Agri,,1.384914227308479,,0.0,,,,28.906661669452195,,23.550011690938565,,12.368098159509202,,-15.9191672149303,-0.000553719757246,53.12460070263751,103.4145655151584
LCOE_BIOLF_1.csv,NE_Gasoline_Gasification_CCS_31_Wood,,2.355822145410352,,0.0,,,,26.273898803647068,,21.405122150314053,,11.241635687732344,,-9.34546535506865,0.000178767436192,51.57939090649128,103.51058310596264
LCOE_ETHANOL_UPGRADE_1.csv,NW_Ethanol_to_Gasoline_Diesel,0.0,0.0,0.774389516825254,0.0,0.0,54.25033433530679,4.693296230017376,30.200900542001456,1.9430164257318987,16.546720181413264,8.66503771467175,6.315426529445472,-8.571552824978474,-17.930095126024288,7.044158801877432,,103.93163232628794
LCOE_ETHANOL_UPGRADE_1.csv,CA_Ethanol_to_Gasoline_Diesel,0.0,0.0,1.0581172500539116,0.0,0.0,54.25033433530679,4.692617949377183,30.200900542001456,1.9430164257318987,16.546720181413264,8.66503771467175,6.315426529445472,-8.571552824978474,-18.0819700441048,7.044158801877432,,104.0628068607959
LCOE_BIOLF_1.csv,NE_Gasoline_Gasification_CCS_31_Herb,,2.422557354195256,,0.0,,,,27.0181799989278,,22.01148171720689,,11.560086257596549,,-9.120891609829888,-0.0003675350394818,50.1994550088218,104.09050119187891
LCOE_BIOLF_1.csv,NE_Gasoline_Gasification_CCS_31_Agri,,2.54583128631026,,0.0,,,,28.39302352174097,,23.131555055515523,,12.148331273176762,,-9.539809025805464,0.0003912883188048,47.63634167696745,104.3156650762243
LCOE_ETHANOL_UPGRADE_1.csv,SW_Ethanol_to_Gasoline,0.0,0.0,0.8147039345876056,0.0,0.0,54.52565372188384,4.717043474358221,29.766195291688515,1.9528771961215383,16.308550253477915,8.709012611739208,5.6915712187792975,-8.615053288057648,-16.41620762600231,6.922321266380224,,104.3766680549564
LCOE_BIOLF_1.csv,NCEN_Gasoline_Gasification_Non_CCS_Wood,,0.0,,0.0,,,,21.331794607851347,,16.985182697649282,,10.41122289924897,,0.0,0.0004000643039733,55.688817722356056,104.41741799140962
LCOE_ETHANOL_UPGRADE_1.csv,TX_Ethanol_to_Gasoline,0.0,0.0,0.5886492533304842,0.0,0.0,54.52565372188384,4.602143119970005,29.766195291688515,1.9528771961215383,16.308550253477915,8.709012611739208,5.6915712187792975,-8.615053288057648,-15.562163937024213,6.922321266380224,,104.88975670828918
LCOE_BIOLF_1.csv,CA_Gasoline_Gasification_CCS_99_Wood,,19.718473850446436,,0.0,,,,34.829242770167426,,25.63525283274142,,13.364583333333334,,-63.591572613946816,0.0001148056080429,75.42415829613095,105.3802532744808
LCOE_ETHANOL_UPGRADE_1.csv,SW_Ethanol_to_Gasoline_Diesel,0.0,0.0,0.8105902051373055,0.0,0.0,54.25033433530679,4.693225446931318,30.200900542001456,1.9430164257318987,16.546720181413264,8.66503771467175,6.315426529445472,-8.571552824978474,-16.333316364641814,7.044158801877432,,105.5645409928964
LCOE_BIOLF_1.csv,NCEN_Gasoline_Gasification_CCS_99_Herb,,17.492449590299934,,0.0,,,,36.766385377727175,,27.061041525466173,,14.107898483137792,,-41.95028271960231,5.990537902124935e-05,52.25927544057729,105.73682760298507
LCOE_BIOLF_1.csv,NCEN_Gasoline_Gasification_CCS_99_Wood,,16.831452959425626,,0.0,,,,35.3770741358311,,26.038471348319465,,13.57479571111426,,-41.74485681505207,0.0004000643039733,55.688817722356056,105.7661551262984
LCOE_BIOLF_1.csv,CEN_Gasoline_Gasification_CCS_31_Wood,,1.2468935524974036,,0.0,,,,26.02582120187531,,21.203015435647693,,11.135492399206877,,-14.919016654191088,0.0002626407124783,61.27160041544709,105.96406899119576
LCOE_ETHANOL_UPGRADE_1.csv,TX_Ethanol_to_Gasoline_Diesel,0.0,0.0,0.5856769542332073,0.0,0.0,54.25033433530679,4.578905265231155,30.200900542001456,1.9430164257318987,16.546720181413264,8.66503771467175,6.315426529445472,-8.571552824978474,-15.48358504550267,7.044158801877432,,106.0750388794313
LCOE_BIOLF_1.csv,TX_Gasoline_Gasification_CCS_99_Herb,,11.641966981150793,,0.0,,,,37.15119228817859,,27.344269688257512,,14.255555555555556,,-53.8449043892989,0.0001148056080704,69.62489087301587,106.1730858024675
LCOE_BIOLF_1.csv,CEN_Gasoline_Gasification_Non_CCS_Herb,,0.0,,0.0,,,,22.303097616811737,,17.758570936437994,,10.885278285347423,,0.0,0.0003025910158117,55.67463726603783,106.6218866956508
LCOE_ETHANOL_UPGRADE_1.csv,CEN_Ethanol_to_Gasoline,0.0,0.0,0.7378932314067291,0.0,0.0,54.52565372188384,4.6353009615043375,29.766195291688515,1.9528771961215383,16.308550253477915,8.709012611739208,5.6915712187792975,-8.615053288057648,-13.787981005067122,6.922321266380224,,106.84634145985684
LCOE_BIOLF_1.csv,CEN_Gasoline_Gasification_Non_CCS_Agri,,0.0,,0.0,,,,23.68074163089617,,18.855503271560643,,11.557652980965864,,0.0,-0.0005537197572201,53.12460070263751,107.21794486630296
LCOE_BIOLF_1.csv,TX_Gasoline_Gasification_CCS_99_Wood,,11.127011536528704,,0.0,,,,35.50789534583418,,26.134759252608514,,13.624994073863366,,-55.01028937416536,8.299299060132685e-05,76.06769591807708,107.45214974573707
LCOE_BIOLF_1.csv,SW_Gasoline_Gasification_CCS_31_Herb,,1.4497148686055183,,0.0,,,,27.406360661104788,,22.32772920496592,,11.726174496644296,,-17.744725559289392,-0.000652459686383,62.58872085508328,107.75332206742804
LCOE_ETHANOL_UPGRADE_1.csv,CEN_Ethanol_to_Gasoline_Diesel,0.0,0.0,0.7341673464706862,0.0,0.0,54.25033433530679,4.611895681049914,30.200900542001456,1.9430164257318987,16.546720181413264,8.66503771467175,6.315426529445472,-8.571552824978474,-13.718360593144803,7.044158801877432,,108.02174413984538
LCOE_BIOLF_1.csv,SW_Gasoline_Gasification_CCS_31_Agri,,1.5416057613660394,,0.0,,,,29.143526363825483,,23.74298334520456,,12.46944385705223,,-18.96646445757039,0.0001621040882629,60.42535208289279,108.35660905685896
LCOE_ETHANOL_UPGRADE_1.csv,NCEN_Ethanol_to_Gasoline,0.0,0.0,0.8937224889090293,0.0,0.0,54.52565372188384,4.635335496605714,29.766195291688515,1.9528771961215383,16.308550253477915,8.709012611739208,5.6915712187792975,-8.615053288057648,-12.045784692936325,6.922321266380224,,108.74440156459131
LCOE_BIOLF_1.csv,SW_Gasoline_Gasification_CCS_31_Wood,,1.3716375626528694,,0.0,,,,25.930336062940867,,21.125224504134028,,11.094637817497649,,-17.616468370832276,0.0005777255785113,67.44399811853246,109.34994342050412
LCOE_ETHANOL_UPGRADE_1.csv,NCEN_Ethanol_to_Gasoline_Diesel,0.0,0.0,0.8892097667201011,0.0,0.0,54.25033433530679,4.611930041771302,30.200900542001456,1.9430164257318987,16.546720181413264,8.66503771467175,6.315426529445472,-8.571552824978474,-11.98496124881194,7.044158801877432,,109.91022026514904
LCOE_BIOLF_1.csv,CEN_Gasoline_Gasification_Non_CCS_Wood,,0.0,,0.0,,,,21.32071681818624,,16.976362142004206,,10.405816259087905,,0.0,0.0002626407124783,61.27160041544709,109.9747582754379
LCOE_ETHANOL_UPGRADE_1.csv,SE_Ethanol_to_Gasoline,0.0,0.0,1.111964069105081,0.0,0.0,54.52565372188384,4.635294399835075,29.766195291688515,1.9528771961215383,16.308550253477915,8.709012611739208,5.6915712187792975,-8.615053288057648,-11.010546828693991,6.922321266380224,,109.99783991225904
LCOE_ETHANOL_UPGRADE_1.csv,SE_Ethanol_to_Gasoline_Diesel,0.0,0.0,1.106349367684658,0.0,0.0,54.25033433530679,4.611889152512851,30.200900542001456,1.9430164257318987,16.546720181413264,8.66503771467175,6.315426529445472,-8.571552824978474,-10.954950668137784,7.044158801877432,,111.15732955752932
LCOE_ETHANOL_UPGRADE_1.csv,MIDAT_Ethanol_to_Gasoline,0.0,0.0,1.145117870772965,0.0,0.0,54.52565372188384,4.636019636963998,29.766195291688515,1.9528771961215383,16.308550253477915,8.709012611739208,5.6915712187792975,-8.615053288057648,-9.816228653925684,6.922321266380224,,111.22603712582416
LCOE_BIOLF_1.csv,SE_Gasoline_Gasification_CCS_99_Wood,,20.85392404647225,,0.0,,,,35.22897631842335,,25.92946739958944,,13.51796801505174,,-38.49501909337604,0.0005777255785229,54.40172859830668,111.43762301004594
LCOE_BIOLF_1.csv,TX_Gasoline_Gasification_CCS_31_Agri,,1.1434173503554566,,0.0,,,,29.916912394753503,,24.37305437444453,,12.800347316437836,,-17.823179198230186,-0.0002372083322144,61.696087263255,112.10640229268392
LCOE_BIOLF_1.csv,SE_Gasoline_Gasification_CCS_99_Herb,,21.93195276913183,,0.0,,,,37.05011311054565,,27.26987271408713,,14.216769725451398,,-38.043851495719245,-0.0006044050447229,49.70701657185258,112.13126899030463
LCOE_BIOLF_1.csv,CA_Gasoline_Gasification_CCS_31_Agri,,1.8737784779719424,,0.0,,,,27.136546625553677,,22.107914002357344,,11.610730986955453,,-19.51685075038559,-0.0005568234982062,69.11986217080975,112.33142468976436
LCOE_ETHANOL_UPGRADE_1.csv,MIDAT_Ethanol_to_Gasoline_Diesel,0.0,0.0,1.1393357640356898,0.0,0.0,54.25033433530679,4.612610727661992,30.200900542001456,1.9430164257318987,16.546720181413264,8.66503771467175,6.315426529445472,-8.571552824978474,-9.76666302991164,7.044158801877432,,112.37932516725564
LCOE_BIOLF_1.csv,NW_Gasoline_Gasification_CCS_31_Herb,,1.3758058863647586,,0.0,,,,27.22499603427936,,22.179972984240678,,11.648575238283373,,-19.552904500672483,0.000302591015763,69.61164255024939,112.48839078376082
LCOE_BIOLF_1.csv,NW_Gasoline_Gasification_CCS_31_Agri,,1.5000373353973722,,0.0,,,,29.683337534897845,,24.18276292041188,,12.700409218177905,,-20.95368643230406,0.0006447258413124,65.6182721300883,112.73177743251055
LCOE_ETHANOL_UPGRADE_1.csv,NW_Ethanol_to_Diesel,0.4165456364568479,0.0,0.7740540097668325,0.0,0.0,54.22683018178228,4.69126284245437,32.94383396942472,1.9421746068393408,18.049541328236973,8.661283555748367,10.573756333008005,-8.567839168721601,-17.922326847474217,7.033153881956911,,112.82227032947884
LCOE_ETHANOL_UPGRADE_1.csv,NE_Ethanol_to_Gasoline,0.0,0.0,1.3809773841244055,0.0,0.0,54.52565372188384,4.6359049804274255,29.766195291688515,1.9528771961215383,16.308550253477915,8.709012611739208,5.6915712187792975,-8.615053288057648,-8.367413372453418,6.922321266380224,,112.91059726411132
LCOE_ETHANOL_UPGRADE_1.csv,CA_Ethanol_to_Diesel,0.4444846021837338,0.0,1.0576588169290857,0.0,0.0,54.22683018178228,4.690584855681717,32.94383396942472,1.9421746068393408,18.049541328236973,8.661283555748367,10.573756333008005,-8.567839168721601,-18.074135965197275,7.033153881956911,,112.98132699787224
LCOE_BIOLF_1.csv,NW_Gasoline_Gasification_CCS_31_Wood,,1.2982288733398573,,0.0,,,,25.689871135566555,,20.929319770627213,,10.991751712568153,,-19.38582495889597,-0.0006044050446992,74.34448902558367,113.86723115374475
LCOE_BIOLF_1.csv,SW_Gasoline_Gasification_Non_CCS_Herb,,0.0,,0.0,,,,22.45167405631722,,17.87687312413289,,10.95779269202088,,0.0,-0.0006524596863585,62.58872085508328,113.87440826786788
LCOE_ETHANOL_UPGRADE_1.csv,NE_Ethanol_to_Gasoline_Diesel,0.0,0.0,1.374004338955369,0.0,0.0,54.25033433530679,4.612496650066985,30.200900542001456,1.9430164257318987,16.546720181413264,8.66503771467175,6.315426529445472,-8.571552824978474,-8.325163331239958,7.044158801877432,,114.055379363252
LCOE_ETHANOL_UPGRADE_1.csv,SW_Ethanol_to_Diesel,0.3927979474706748,0.0,0.810239013999768,0.0,0.0,54.22683018178228,4.69119209003534,32.94383396942472,1.9421746068393408,18.049541328236973,8.661283555748367,10.573756333008005,-8.567839168721601,-16.326239896264198,7.033153881956911,,114.4307238435166
LCOE_BIOLF_1.csv,MIDAT_Gasoline_Gasification_CCS_99_Wood,,21.62317186038361,,0.0,,,,35.47089919629081,,26.107529098521027,,13.610798010892731,,-34.25059996240277,-0.0001923959490251,51.88449538242956,114.44610119016596
LCOE_BIOLF_1.csv,CA_Gasoline_Gasification_CCS_31_Wood,,1.770173445870536,,0.0,,,,25.63611163960765,,20.88552236597328,,10.96875,,-19.86956498047296,0.0001148056080429,75.42415829613095,114.81526557271752
LCOE_ETHANOL_UPGRADE_1.csv,TX_Ethanol_to_Diesel,0.2690889492928697,0.0,0.585423207574929,0.0,0.0,54.22683018178228,4.5769214379672905,32.94383396942472,1.9421746068393408,18.049541328236973,8.661283555748367,10.573756333008005,-8.567839168721601,-15.476876726291769,7.033153881956911,,114.81729155681832
LCOE_BIOLF_1.csv,SW_Gasoline_Gasification_Non_CCS_Agri,,0.0,,0.0,,,,23.874784502158008,,19.0100075540248,,11.652357792345104,,0.0,0.0001621040882368,60.42535208289279,114.96266403550894
balance_duals.csv,diesel_demand_global,,,,,,,,,,,,,,,,,114.977781
LCOE_BIOLF_1.csv,TX_Gasoline_Gasification_CCS_31_Herb,,1.0451265632440476,,0.0,,,,27.34518574891482,,22.27789052370483,,11.7,,-16.824160539723536,0.000114805608046,69.62489087301587,115.16904797476408
LCOE_BIOLF_1.csv,SW_Gasoline_Gasification_Non_CCS_Wood,,0.0,,0.0,,,,21.24249405657671,,16.914078216930058,,10.36763875823142,,0.0,0.0005777255785113,67.44399811853246,115.96878687584916
LCOE_BIOLF_1.csv,MIDAT_Gasoline_Gasification_CCS_99_Herb,,22.461419483052097,,0.0,,,,36.8459702134934,,27.1196180899922,,14.1384365622079,,-34.17932557456801,0.0006319848332936,49.99329807645003,116.38004883546093
LCOE_ETHANOL_UPGRADE_1.csv,CEN_Ethanol_to_Diesel,0.371217779661551,0.0,0.7338492658130173,0.0,0.0,54.22683018178228,4.6098975605691,32.94383396942472,1.9421746068393408,18.049541328236973,8.661283555748367,10.573756333008005,-8.567839168721601,-13.712417063811088,7.033153881956911,,116.86528223050756
LCOE_BIOLF_1.csv,TX_Gasoline_Gasification_Non_CCS_Agri,,0.0,,0.0,,,,24.508353158019258,,19.514478910942263,,11.961578119064416,,0.0,-0.0002372083322278,61.696087263255,117.6802602429487
LCOE_BIOLF_1.csv,TX_Gasoline_Gasification_CCS_31_Wood,,0.9988978104110368,,0.0,,,,26.1356347934444,,21.292479635798102,,11.182477599203526,,-17.188292007656347,8.299299063636117e-05,76.06769591807708,118.48897674226842
LCOE_ETHANOL_UPGRADE_1.csv,NCEN_Ethanol_to_Diesel,0.402288787321442,0.0,0.888824513373213,0.0,0.0,54.22683018178228,4.609931906403581,32.94383396942472,1.9421746068393408,18.049541328236973,8.661283555748367,10.573756333008005,-8.567839168721601,-11.979768721012272,7.033153881956911,,118.78401117436096
LCOE_BIOLF_1.csv,CA_Gasoline_Gasification_Non_CCS_Agri,,0.0,,0.0,,,,22.230638623815945,,17.700876342206893,,10.849913856756093,,0.0,-0.0005568234982304,69.11986217080975,119.90073417009046
LCOE_ETHANOL_UPGRADE_1.csv,SE_Ethanol_to_Diesel,0.445203250299962,0.0,1.1058700378204571,0.0,0.0,54.22683018178228,4.609891034860548,32.94383396942472,1.9421746068393408,18.049541328236973,8.661283555748367,10.573756333008005,-8.567839168721601,-10.9502043961468,7.033153881956911,,120.07349461510915
LCOE_BIOLF_1.csv,NW_Gasoline_Gasification_Non_CCS_Herb,,0.0,,0.0,,,,22.303097616811737,,17.758570936437994,,10.885278285347423,,0.0,0.0003025910157508,69.61164255024939,120.5588919798623
LCOE_BIOLF_1.csv,TX_Gasoline_Gasification_Non_CCS_Herb,,0.0,,0.0,,,,22.40155871244151,,17.836969389480803,,10.933333333333334,,0.0,0.000114805608046,69.62489087301587,120.79686711387956
LCOE_BIOLF_1.csv,NW_Gasoline_Gasification_Non_CCS_Agri,,0.0,,0.0,,,,24.317005365217582,,19.36212055201018,,11.868188671117812,,0.0,0.0006447258413124,65.6182721300883,121.16623144427518
LCOE_ETHANOL_UPGRADE_1.csv,MIDAT_Ethanol_to_Diesel,0.4642116976681171,0.0,1.1388421426959885,0.0,0.0,54.22683018178228,4.610612297384648,32.94383396942472,1.9421746068393408,18.049541328236973,8.661283555748367,10.573756333008005,-8.567839168721601,-9.76243158783686,7.033153881956911,,121.31396923818689
LCOE_BIOLF_1.csv,NW_Gasoline_Gasification_Non_CCS_Wood,,0.0,,0.0,,,,21.045501824074787,,16.757225541354817,,10.271494477841465,,0.0,-0.0006044050446762,74.34448902558367,122.41810646381003
LCOE_ETHANOL_UPGRADE_1.csv,NE_Ethanol_to_Diesel,0.4944304138252678,0.0,1.3734090466070026,0.0,0.0,54.22683018178228,4.610498269214171,32.94383396942472,1.9421746068393408,18.049541328236973,8.661283555748367,10.573756333008005,-8.567839168721601,-8.321556424122212,7.033153881956911,,123.01951599379922
LCOE_BIOLF_1.csv,CA_Gasoline_Gasification_Non_CCS_Wood,,0.0,,0.0,,,,21.00146129291392,,16.722158802638255,,10.25,,0.0,0.0001148056080429,75.42415829613095,123.39789319729115
LCOE_BIOLF_1.csv,NE_Gasoline_Gasification_CCS_99_Wood,,26.24218405204461,,0.0,,,,35.695740946033766,,26.273018630982342,,13.697073682203795,,-29.90970558852298,0.0001787674362154,51.57939090649128,123.57788139666904
LCOE_BIOLF_1.csv,TX_Gasoline_Gasification_Non_CCS_Wood,,0.0,,0.0,,,,21.410677648642714,,17.04799236201266,,10.449722656805577,,0.0,8.299299065971737e-05,76.06769591807708,124.97617157852868
LCOE_BIOLF_1.csv,NE_Gasoline_Gasification_CCS_99_Herb,,26.985566838855128,,0.0,,,,36.70692200204276,,27.01727489292646,,14.085081356596746,,-29.19096828141173,-0.0003675350394818,50.1994550088218,125.80296428279166
LCOE_ETHANOL_UPGRADE_1.csv,NW_Ethanol_to_JetFuel,0.6968334974726459,0.0,0.7769426407881576,0.0,0.0,54.42919500629681,4.708769795722381,44.35867113581186,1.9494224548542824,24.30359709379617,8.693605915749014,14.045350129172764,-8.599812810994896,-17.98920976346291,6.994460030891814,,134.36782512609807
LCOE_ETHANOL_UPGRADE_1.csv,CA_Ethanol_to_JetFuel,0.7435722110715606,0.0,1.0616058103300752,0.0,0.0,54.42919500629681,4.708089278824441,44.35867113581186,1.9494224548542824,24.30359709379617,8.693605915749014,14.045350129172764,-8.599812810994896,-18.141585405641933,6.994460030891814,,134.54617085016193
LCOE_ETHANOL_UPGRADE_1.csv,SW_Ethanol_to_JetFuel,0.6571063134025231,0.0,0.8132626809803611,0.0,0.0,54.42919500629681,4.708698779267986,44.35867113581186,1.9494224548542824,24.30359709379617,8.693605915749014,14.045350129172764,-8.599812810994896,-16.387166501424673,6.994460030891814,,135.966390227804
LCOE_ETHANOL_UPGRADE_1.csv,TX_Ethanol_to_JetFuel,0.4501552225152526,0.0,0.5876079022043309,0.0,0.0,54.42919500629681,4.594001689579014,44.35867113581186,1.9494224548542824,24.30359709379617,8.693605915749014,14.045350129172764,-8.599812810994896,-15.53463366012415,6.994460030891814,,136.27162010975226
LCOE_ETHANOL_UPGRADE_1.csv,CEN_Ethanol_to_JetFuel,0.6210051458608575,0.0,0.7365878599259046,0.0,0.0,54.42919500629681,4.627100873168182,44.35867113581186,1.9494224548542824,24.30359709379617,8.693605915749014,14.045350129172764,-8.599812810994896,-13.76358934999278,6.994460030891814,,138.39559348453997
LCOE_ETHANOL_UPGRADE_1.csv,NCEN_Ethanol_to_JetFuel,0.6729834095675864,0.0,0.8921414473719368,0.0,0.0,54.42919500629681,4.6271353471751695,44.35867113581186,1.9494224548542824,24.30359709379617,8.693605915749014,14.045350129172764,-8.599812810994896,-12.024475073694616,6.994460030891814,,140.34227408599787
LCOE_ETHANOL_UPGRADE_1.csv,SE_Ethanol_to_JetFuel,0.7447744276751074,0.0,1.1099969468687862,0.0,0.0,54.42919500629681,4.627094323106854,44.35867113581186,1.9494224548542824,24.30359709379617,8.693605915749014,14.045350129172764,-8.599812810994896,-10.991068599044077,6.994460030891814,,141.66528605418446
LCOE_ETHANOL_UPGRADE_1.csv,MIDAT_Ethanol_to_JetFuel,0.77657339926858,0.0,1.1430920977382404,0.0,0.0,54.42919500629681,4.627818277253598,44.35867113581186,1.9494224548542824,24.30359709379617,8.693605915749014,14.045350129172764,-8.599812810994896,-9.798863235205609,6.994460030891814,,142.9231094946326
LCOE_ETHANOL_UPGRADE_1.csv,NE_Ethanol_to_JetFuel,0.8271258761785186,0.0,1.378534363350976,0.0,0.0,54.42919500629681,4.627703823550399,44.35867113581186,1.9494224548542824,24.30359709379617,8.693605915749014,14.045350129172764,-8.599812810994896,-8.352610983273282,6.994460030891814,,144.65524203538442
LCOE_BIOLF_1.csv,CA_Gasoline_Gasification_CCS_99_Herb,,20.98723330429618,,0.0,,,,37.07028492029699,,27.28471970477487,,14.224509998020194,,-63.0476923858182,-0.0004608761716058,686.5876207681647,723.1062154335631
LCOE_BIOLF_1.csv,CA_Gasoline_Gasification_CCS_31_Herb,,1.884072944961394,,0.0,,,,27.28563377044757,,22.229374032760315,,11.67451989705009,,-19.699626369267328,-0.0004608761716058,686.5876207681647,729.9611341679453
LCOE_BIOLF_1.csv,CA_Gasoline_Gasification_Non_CCS_Herb,,0.0,,0.0,,,,22.352772898575573,,17.798124276971542,,10.909522866759056,,0.0,-0.000460876171618,686.5876207681647,737.6475799342993
